{"truck": {"acc": 0.9496666666666667, "p": 0, "r": 0.0, "f1": 0}, "person": {"acc": 0.6095, "p": 0.7774269928966061, "r": 0.3233749179251477, "f1": 0.45675863667980526}, "airplane": {"acc": 0.9755, "p": 1.0, "r": 0.006756756756756757, "f1": 0.013422818791946308}, "cat": {"acc": 0.964, "p": 0, "r": 0.0, "f1": 0}, "car": {"acc": 0.9043333333333333, "p": 0.0, "r": 0.0, "f1": 0}, "parking meter": {"acc": 0.9941666666666666, "p": 0, "r": 0.0, "f1": 0}, "train": {"acc": 0.9666666666666667, "p": 0.0, "r": 0.0, "f1": 0}, "fire hydrant": {"acc": 0.9851666666666666, "p": 0, "r": 0.0, "f1": 0}, "bicycle": {"acc": 0.9743333333333334, "p": 0.0, "r": 0.0, "f1": 0}, "giraffe": {"acc": 0.9735, "p": 0.0, "r": 0.0, "f1": 0}, "elephant": {"acc": 0.9793333333333333, "p": 0, "r": 0.0, "f1": 0}, "bus": {"acc": 0.9646666666666667, "p": 0.0, "r": 0.0, "f1": 0}, "suitcase": {"acc": 0.982, "p": 0, "r": 0.0, "f1": 0}, "motorcycle": {"acc": 0.9705, "p": 0.0, "r": 0.0, "f1": 0}, "sheep": {"acc": 0.9856666666666667, "p": 0.0, "r": 0.0, "f1": 0}, "skateboard": {"acc": 0.9741666666666666, "p": 0, "r": 0.0, "f1": 0}, "stop sign": {"acc": 0.9866666666666667, "p": 0, "r": 0.0, "f1": 0}, "boat": {"acc": 0.97, "p": 0.0, "r": 0.0, "f1": 0}, "traffic light": {"acc": 0.9676666666666667, "p": 0.0, "r": 0.0, "f1": 0}, "spoon": {"acc": 0.9671666666666666, "p": 0.0, "r": 0.0, "f1": 0}, "bench": {"acc": 0.952, "p": 0.0, "r": 0.0, "f1": 0}, "cow": {"acc": 0.9813333333333333, "p": 0, "r": 0.0, "f1": 0}, "snowboard": {"acc": 0.9841666666666666, "p": 0.0, "r": 0.0, "f1": 0}, "horse": {"acc": 0.9773333333333334, "p": 0.0, "r": 0.0, "f1": 0}, "dog": {"acc": 0.9638333333333333, "p": 0.2, "r": 0.004672897196261682, "f1": 0.0091324200913242}, "bear": {"acc": 0.9901666666666666, "p": 0.0, "r": 0.0, "f1": 0}, "bottle": {"acc": 0.931, "p": 0, "r": 0.0, "f1": 0}, "tie": {"acc": 0.9636666666666667, "p": 0, "r": 0.0, "f1": 0}, "umbrella": {"acc": 0.9688333333333333, "p": 0, "r": 0.0, "f1": 0}, "handbag": {"acc": 0.9441666666666667, "p": 0.0, "r": 0.0, "f1": 0}, "hot dog": {"acc": 0.9893333333333333, "p": 0.0, "r": 0.0, "f1": 0}, "backpack": {"acc": 0.9561666666666667, "p": 0, "r": 0.0, "f1": 0}, "frisbee": {"acc": 0.9815, "p": 0, "r": 0.0, "f1": 0}, "bird": {"acc": 0.9728333333333333, "p": 0.1, "r": 0.0064516129032258064, "f1": 0.01212121212121212}, "kite": {"acc": 0.9786666666666667, "p": 0.0, "r": 0.0, "f1": 0}, "zebra": {"acc": 0.9828333333333333, "p": 0, "r": 0.0, "f1": 0}, "baseball bat": {"acc": 0.98, "p": 0.0, "r": 0.0, "f1": 0}, "fork": {"acc": 0.9721666666666666, "p": 0, "r": 0.0, "f1": 0}, "dining table": {"acc": 0.9125, "p": 0.0, "r": 0.0, "f1": 0}, "surfboard": {"acc": 0.9646666666666667, "p": 0.3333333333333333, "r": 0.009523809523809525, "f1": 0.018518518518518517}, "cup": {"acc": 0.928, "p": 0.0, "r": 0.0, "f1": 0}, "baseball glove": {"acc": 0.974, "p": 0.0, "r": 0.0, "f1": 0}, "microwave": {"acc": 0.9876666666666667, "p": 0, "r": 0.0, "f1": 0}, "apple": {"acc": 0.985, "p": 0.0, "r": 0.0, "f1": 0}, "orange": {"acc": 0.9886666666666667, "p": 0, "r": 0.0, "f1": 0}, "broccoli": {"acc": 0.9853333333333333, "p": 0, "r": 0.0, "f1": 0}, "bowl": {"acc": 0.9371666666666667, "p": 0.0, "r": 0.0, "f1": 0}, "skis": {"acc": 0.9643333333333334, "p": 0.18181818181818182, "r": 0.00966183574879227, "f1": 0.018348623853211007}, "potted plant": {"acc": 0.9635, "p": 0, "r": 0.0, "f1": 0}, "pizza": {"acc": 0.9685, "p": 0, "r": 0.0, "f1": 0}, "sports ball": {"acc": 0.964, "p": 0.25, "r": 0.004672897196261682, "f1": 0.009174311926605503}, "cake": {"acc": 0.9805, "p": 0.5, "r": 0.008547008547008548, "f1": 0.016806722689075633}, "scissors": {"acc": 0.9921666666666666, "p": 0.0, "r": 0.0, "f1": 0}, "knife": {"acc": 0.9676666666666667, "p": 0.0, "r": 0.0, "f1": 0}, "wine glass": {"acc": 0.9791666666666666, "p": 0.0, "r": 0.0, "f1": 0}, "laptop": {"acc": 0.9771666666666666, "p": 0.0, "r": 0.0, "f1": 0}, "tennis racket": {"acc": 0.968, "p": 0.2222222222222222, "r": 0.0106951871657754, "f1": 0.02040816326530612}, "carrot": {"acc": 0.9851666666666666, "p": 0.0, "r": 0.0, "f1": 0}, "banana": {"acc": 0.9788333333333333, "p": 0, "r": 0.0, "f1": 0}, "couch": {"acc": 0.9691666666666666, "p": 0.0, "r": 0.0, "f1": 0}, "bed": {"acc": 0.972, "p": 0, "r": 0.0, "f1": 0}, "keyboard": {"acc": 0.9851666666666666, "p": 0.0, "r": 0.0, "f1": 0}, "toilet": {"acc": 0.9653333333333334, "p": 1.0, "r": 0.004784688995215311, "f1": 0.009523809523809525}, "oven": {"acc": 0.9745, "p": 0, "r": 0.0, "f1": 0}, "teddy bear": {"acc": 0.9825, "p": 0, "r": 0.0, "f1": 0}, "sandwich": {"acc": 0.9815, "p": 0.0, "r": 0.0, "f1": 0}, "clock": {"acc": 0.9596666666666667, "p": 0.0, "r": 0.0, "f1": 0}, "donut": {"acc": 0.9856666666666667, "p": 0.0, "r": 0.0, "f1": 0}, "chair": {"acc": 0.9031666666666667, "p": 0.0, "r": 0.0, "f1": 0}, "mouse": {"acc": 0.9866666666666667, "p": 0, "r": 0.0, "f1": 0}, "sink": {"acc": 0.9565, "p": 0.0, "r": 0.0, "f1": 0}, "tv": {"acc": 0.966, "p": 0.0, "r": 0.0, "f1": 0}, "cell phone": {"acc": 0.9648333333333333, "p": 0.0, "r": 0.0, "f1": 0}, "toaster": {"acc": 0.9976666666666667, "p": 0, "r": 0.0, "f1": 0}, "vase": {"acc": 0.9683333333333334, "p": 0, "r": 0.0, "f1": 0}, "remote": {"acc": 0.9806666666666667, "p": 0.0, "r": 0.0, "f1": 0}, "hair drier": {"acc": 0.9981666666666666, "p": 0, "r": 0.0, "f1": 0}, "book": {"acc": 0.9581666666666667, "p": 0.0, "r": 0.0, "f1": 0}, "toothbrush": {"acc": 0.9903333333333333, "p": 0.0, "r": 0.0, "f1": 0}, "refrigerator": {"acc": 0.9785, "p": 0.0, "r": 0.0, "f1": 0}}